{
  "variants": {
    "facing=south": {
      "model": "upgrade1_16:block/polishbazalt"
    },
    "facing=north": {
      "model": "upgrade1_16:block/polishbazalt"
    },
    "facing=east": {
      "model": "upgrade1_16:block/polishbazalt",
      "x": 90
    },
    "facing=west": {
      "model": "upgrade1_16:block/polishbazalt",
      "x": 90
    },
    "facing=up": {
      "model": "upgrade1_16:block/polishbazalt",
      "x": 90,
      "y": 90
    },
    "facing=down": {
      "model": "upgrade1_16:block/polishbazalt",
      "x": 90,
      "y": 90
    }
  }
}