{
  "multipart": [
    {
      "apply": {
        "model": "upgrade1_16:block/warped_5_post"
      }
    },
    {
      "when": {
        "north": true
      },
      "apply": {
        "model": "upgrade1_16:block/warped_5_side"
      }
    },
    {
      "when": {
        "east": true
      },
      "apply": {
        "model": "upgrade1_16:block/warped_5_side",
        "y": 90
      }
    },
    {
      "when": {
        "south": true
      },
      "apply": {
        "model": "upgrade1_16:block/warped_5_side_alt"
      }
    },
    {
      "when": {
        "west": true
      },
      "apply": {
        "model": "upgrade1_16:block/warped_5_side_alt",
        "y": 90
      }
    },
    {
      "when": {
        "north": false
      },
      "apply": {
        "model": "upgrade1_16:block/warped_5_noside"
      }
    },
    {
      "when": {
        "east": false
      },
      "apply": {
        "model": "upgrade1_16:block/warped_5_noside_alt"
      }
    },
    {
      "when": {
        "south": false
      },
      "apply": {
        "model": "upgrade1_16:block/warped_5_noside_alt",
        "y": 90
      }
    },
    {
      "when": {
        "west": false
      },
      "apply": {
        "model": "upgrade1_16:block/warped_5_noside",
        "y": 270
      }
    }
  ]
}