{
  "variants": {
    "facing=north,half=bottom,open=false": {
      "model": "upgrade1_16:block/warpedtrapdor"
    },
    "facing=south,half=bottom,open=false": {
      "model": "upgrade1_16:block/warpedtrapdor",
      "y": 180
    },
    "facing=east,half=bottom,open=false": {
      "model": "upgrade1_16:block/warpedtrapdor",
      "y": 90
    },
    "facing=west,half=bottom,open=false": {
      "model": "upgrade1_16:block/warpedtrapdor",
      "y": 270
    },
    "facing=north,half=top,open=false": {
      "model": "upgrade1_16:block/warpedtrapdor_top"
    },
    "facing=south,half=top,open=false": {
      "model": "upgrade1_16:block/warpedtrapdor_top",
      "y": 180
    },
    "facing=east,half=top,open=false": {
      "model": "upgrade1_16:block/warpedtrapdor_top",
      "y": 90
    },
    "facing=west,half=top,open=false": {
      "model": "upgrade1_16:block/warpedtrapdor_top",
      "y": 270
    },
    "facing=north,half=bottom,open=true": {
      "model": "upgrade1_16:block/warpedtrapdor_open"
    },
    "facing=south,half=bottom,open=true": {
      "model": "upgrade1_16:block/warpedtrapdor_open",
      "y": 180
    },
    "facing=east,half=bottom,open=true": {
      "model": "upgrade1_16:block/warpedtrapdor_open",
      "y": 90
    },
    "facing=west,half=bottom,open=true": {
      "model": "upgrade1_16:block/warpedtrapdor_open",
      "y": 270
    },
    "facing=north,half=top,open=true": {
      "model": "upgrade1_16:block/warpedtrapdor_open",
      "x": 180,
      "y": 180
    },
    "facing=south,half=top,open=true": {
      "model": "upgrade1_16:block/warpedtrapdor_open",
      "x": 180,
      "y": 0
    },
    "facing=east,half=top,open=true": {
      "model": "upgrade1_16:block/warpedtrapdor_open",
      "x": 180,
      "y": 270
    },
    "facing=west,half=top,open=true": {
      "model": "upgrade1_16:block/warpedtrapdor_open",
      "x": 180,
      "y": 90
    }
  }
}