{
  "variants": {
    "facing=south,in_wall=false,open=false": {
      "model": "upgrade1_16:block/warped_3",
      "uvlock": true
    },
    "facing=west,in_wall=false,open=false": {
      "model": "upgrade1_16:block/warped_3",
      "uvlock": true,
      "y": 90
    },
    "facing=north,in_wall=false,open=false": {
      "model": "upgrade1_16:block/warped_3",
      "uvlock": true,
      "y": 180
    },
    "facing=east,in_wall=false,open=false": {
      "model": "upgrade1_16:block/warped_3",
      "uvlock": true,
      "y": 270
    },
    "facing=south,in_wall=false,open=true": {
      "model": "upgrade1_16:block/warped_3_open",
      "uvlock": true
    },
    "facing=west,in_wall=false,open=true": {
      "model": "upgrade1_16:block/warped_3_open",
      "uvlock": true,
      "y": 90
    },
    "facing=north,in_wall=false,open=true": {
      "model": "upgrade1_16:block/warped_3_open",
      "uvlock": true,
      "y": 180
    },
    "facing=east,in_wall=false,open=true": {
      "model": "upgrade1_16:block/warped_3_open",
      "uvlock": true,
      "y": 270
    },
    "facing=south,in_wall=true,open=false": {
      "model": "upgrade1_16:block/warped_3_wall",
      "uvlock": true
    },
    "facing=west,in_wall=true,open=false": {
      "model": "upgrade1_16:block/warped_3_wall",
      "uvlock": true,
      "y": 90
    },
    "facing=north,in_wall=true,open=false": {
      "model": "upgrade1_16:block/warped_3_wall",
      "uvlock": true,
      "y": 180
    },
    "facing=east,in_wall=true,open=false": {
      "model": "upgrade1_16:block/warped_3_wall",
      "uvlock": true,
      "y": 270
    },
    "facing=south,in_wall=true,open=true": {
      "model": "upgrade1_16:block/warped_3_wall_open",
      "uvlock": true
    },
    "facing=west,in_wall=true,open=true": {
      "model": "upgrade1_16:block/warped_3_wall_open",
      "uvlock": true,
      "y": 90
    },
    "facing=north,in_wall=true,open=true": {
      "model": "upgrade1_16:block/warped_3_wall_open",
      "uvlock": true,
      "y": 180
    },
    "facing=east,in_wall=true,open=true": {
      "model": "upgrade1_16:block/warped_3_wall_open",
      "uvlock": true,
      "y": 270
    }
  }
}