{
  "_fv": 13,
  "_type": "tool",
  "definition": {
    "renderType": 0,
    "texture": "netherite_hoe",
    "customModelName": "Normal",
    "name": "Netherrite_hoe",
    "specialInfo": [],
    "creativeTab": {
      "value": "TOOLS"
    },
    "toolType": "Hoe",
    "harvestLevel": 4,
    "efficiency": 4.0,
    "attackSpeed": 4.0,
    "enchantability": 2,
    "damageVsEntity": 1.0,
    "usageCount": 3021,
    "blocksAffected": [],
    "hasGlow": false,
    "repairItems": [
      {
        "value": "CUSTOM:Netherriteingot"
      }
    ],
    "stayInGridWhenCrafting": true,
    "damageOnCrafting": false,
    "onCrafted": {
      "name": "Hoe_ad"
    }
  }
}