{
  "_fv": 13,
  "_type": "tool",
  "definition": {
    "renderType": 0,
    "texture": "netherite_sword",
    "customModelName": "Normal",
    "name": "Neitherrite_sword",
    "specialInfo": [],
    "creativeTab": {
      "value": "TOOLS"
    },
    "toolType": "Sword",
    "harvestLevel": 4,
    "efficiency": 4.0,
    "attackSpeed": 1.6,
    "enchantability": 3,
    "damageVsEntity": 10.0,
    "usageCount": 2031,
    "blocksAffected": [],
    "hasGlow": false,
    "repairItems": [
      {
        "value": "CUSTOM:Netherriteingot"
      }
    ],
    "stayInGridWhenCrafting": false,
    "damageOnCrafting": false
  }
}