{
  "_fv": 13,
  "_type": "recipe",
  "definition": {
    "recipeType": "Crafting",
    "xpReward": 0.0,
    "cookingTime": 200,
    "recipeRetstackSize": 1,
    "group": "",
    "recipeShapeless": true,
    "recipeSlots": [
      {
        "value": "CUSTOM:Netherriteingot"
      },
      {
        "value": "CUSTOM:Netherriteingot"
      },
      {
        "value": "CUSTOM:Netherriteingot"
      },
      {
        "value": "CUSTOM:Netherriteingot"
      },
      {
        "value": "CUSTOM:Netherriteingot"
      },
      {
        "value": "CUSTOM:Netherriteingot"
      },
      {
        "value": "CUSTOM:Netherriteingot"
      },
      {
        "value": "CUSTOM:Netherriteingot"
      },
      {
        "value": "CUSTOM:Netherriteingot"
      }
    ],
    "recipeReturnStack": {
      "value": "CUSTOM:Netherriteblock"
    },
    "name": "netherriteblockrecipe",
    "namespace": "mod"
  }
}