{
  "_fv": 13,
  "_type": "armor",
  "definition": {
    "enableHelmet": true,
    "textureHelmet": "netherite_helmet",
    "enableBody": true,
    "textureBody": "netherite_chestplate",
    "enableLeggings": true,
    "textureLeggings": "netherite_leggings",
    "enableBoots": true,
    "textureBoots": "netherite_boots",
    "onHelmetTick": {
      "name": "Netherhelmet_held"
    },
    "creativeTab": {
      "value": "COMBAT"
    },
    "armorTextureFile": "netherite_",
    "helmetName": "Netherrite armor Helmet",
    "bodyName": "Netherrite armor Body",
    "leggingsName": "Netherrite armor Leggings",
    "bootsName": "Netherrite armor Boots",
    "helmetSpecialInfo": [],
    "bodySpecialInfo": [],
    "leggingsSpecialInfo": [],
    "bootsSpecialInfo": [],
    "helmetModelName": "Default",
    "helmetModelPart": "Helmet",
    "helmetModelTexture": "From armor",
    "bodyModelName": "Default",
    "bodyModelPart": "Body",
    "armsModelPartL": "Arms L",
    "armsModelPartR": "Arms R",
    "bodyModelTexture": "From armor",
    "leggingsModelName": "Default",
    "leggingsModelPartL": "Leggings L",
    "leggingsModelPartR": "Leggings R",
    "leggingsModelTexture": "From armor",
    "bootsModelName": "Default",
    "bootsModelPartL": "Boots L",
    "bootsModelPartR": "Boots R",
    "bootsModelTexture": "From armor",
    "maxDamage": 25,
    "damageValueHelmet": 10,
    "damageValueBody": 15,
    "damageValueLeggings": 12,
    "damageValueBoots": 8,
    "enchantability": 10,
    "toughness": 2.5,
    "equipSound": {
      "value": "item.armor.equip_diamond"
    },
    "repairItems": [
      {
        "value": "CUSTOM:Netherriteingot"
      }
    ]
  }
}