{
  "_fv": 13,
  "_type": "tool",
  "definition": {
    "renderType": 0,
    "texture": "netherite_pickaxe",
    "customModelName": "Normal",
    "name": "Netherrite_pickaxe",
    "specialInfo": [],
    "creativeTab": {
      "value": "TOOLS"
    },
    "toolType": "Pickaxe",
    "harvestLevel": 4,
    "efficiency": 5.0,
    "attackSpeed": 1.2000000000000002,
    "enchantability": 4,
    "damageVsEntity": 6.0,
    "usageCount": 100,
    "blocksAffected": [],
    "hasGlow": false,
    "repairItems": [
      {
        "value": "CUSTOM:Netherriteingot"
      },
      {
        "value": "CUSTOM:Netherritepickaxe"
      }
    ],
    "stayInGridWhenCrafting": false,
    "damageOnCrafting": false
  }
}