{
  "_fv": 13,
  "_type": "recipe",
  "definition": {
    "recipeType": "Crafting",
    "xpReward": 0.0,
    "cookingTime": 200,
    "recipeRetstackSize": 1,
    "group": "",
    "recipeShapeless": false,
    "recipeSlots": [
      {
        "value": ""
      },
      {
        "value": ""
      },
      {
        "value": ""
      },
      {
        "value": "CUSTOM:Crimsonplank"
      },
      {
        "value": "CUSTOM:Warpedplank"
      },
      {
        "value": ""
      },
      {
        "value": "CUSTOM:Warpedplank"
      },
      {
        "value": "CUSTOM:Warpedplank"
      },
      {
        "value": ""
      }
    ],
    "recipeReturnStack": {
      "value": "Blocks.CRAFTING_TABLE"
    },
    "name": "plankwarpedcraft_10",
    "namespace": "mod"
  }
}