{
  "_fv": 13,
  "_type": "enchantment",
  "definition": {
    "name": "Soul speed",
    "type": "ARMOR_FEET",
    "rarity": "UNCOMMON",
    "minLevel": 1,
    "maxLevel": 3,
    "damageModifier": 0,
    "compatibleEnchantments": [],
    "compatibleItems": [
      {
        "value": "CUSTOM:Netherritearmor.boots"
      },
      {
        "value": "Items.CHAINMAIL_BOOTS"
      },
      {
        "value": "Items.DIAMOND_BOOTS"
      },
      {
        "value": "Items.GOLDEN_BOOTS"
      },
      {
        "value": "Items.LEATHER_BOOTS"
      },
      {
        "value": "Items.IRON_BOOTS"
      }
    ],
    "isTreasureEnchantment": true,
    "isCurse": false,
    "isAllowedOnBooks": true
  }
}