{
  "_fv": 13,
  "_type": "tag",
  "definition": {
    "type": "Items",
    "items": [
      {
        "value": "CUSTOM:Warpedplank"
      },
      {
        "value": "CUSTOM:Warped1"
      },
      {
        "value": "CUSTOM:Warped5"
      },
      {
        "value": "CUSTOM:Warped4"
      },
      {
        "value": "CUSTOM:Warped3"
      },
      {
        "value": "CUSTOM:Warpedstairs"
      },
      {
        "value": "CUSTOM:Warped2"
      },
      {
        "value": "CUSTOM:Warped1"
      },
      {
        "value": "CUSTOM:Warpedplank"
      },
      {
        "value": "CUSTOM:Warpedtrapdor"
      },
      {
        "value": "CUSTOM:Warpedwood"
      },
      {
        "value": "CUSTOM:Warped6"
      },
      {
        "value": "CUSTOM:Crimsondoor"
      }
    ],
    "blocks": [],
    "functions": [],
    "name": "wapwoodfuel",
    "namespace": "forge"
  }
}