{
  "group": "upgrade1_16",
  "type": "minecraft:crafting_shaped",
  "pattern": [
    "012",
    "3 5",
    "678"
  ],
  "key": {
    "0": {
      "item": "minecraft:gold_ingot"
    },
    "1": {
      "item": "minecraft:gold_ingot"
    },
    "2": {
      "item": "minecraft:gold_ingot"
    },
    "3": {
      "item": "upgrade1_16:netherite_scrap"
    },
    "5": {
      "item": "minecraft:gold_ingot"
    },
    "6": {
      "item": "upgrade1_16:netherite_scrap"
    },
    "7": {
      "item": "upgrade1_16:netherite_scrap"
    },
    "8": {
      "item": "upgrade1_16:netherite_scrap"
    }
  },
  "result": {
    "item": "upgrade1_16:netherriteingot",
    "count": 1
  }
}