{
  "display": {
    "icon": {
      "item": "upgrade1_16:netherritehoe"
    },
    "title": {
      "translate": "advancements.hoead.title"
    },
    "description": {
      "translate": "advancements.hoead.descr"
    },
    "frame": "task",
    "show_toast": true,
    "announce_to_chat": true,
    "hidden": false
  },
  "criteria": {
    "hoead": {
      "trigger": "minecraft:inventory_changed",
      "conditions": {
        "items": [
          {
            "item": "upgrade1_16:netherritehoe",
            "count": {
              "min": 1,
              "max": 1
            }
          }
        ]
      }
    }
  },
  "rewards": {
    "experience": 1
  },
  "parent": "minecraft:nether/root"
}