{
  "group": "upgrade1_16",
  "type": "minecraft:crafting_shapeless",
  "ingredients": [
    {
      "item": "upgrade1_16:netherriteingot"
    },
    {
      "item": "upgrade1_16:netherriteingot"
    },
    {
      "item": "upgrade1_16:netherriteingot"
    },
    {
      "item": "upgrade1_16:netherriteingot"
    },
    {
      "item": "upgrade1_16:netherriteingot"
    },
    {
      "item": "upgrade1_16:netherriteingot"
    },
    {
      "item": "upgrade1_16:netherriteingot"
    },
    {
      "item": "upgrade1_16:netherriteingot"
    },
    {
      "item": "upgrade1_16:netherriteingot"
    }
  ],
  "result": {
    "item": "upgrade1_16:netherriteblock",
    "count": 1
  }
}