{
  "group": "upgrade1_16",
  "type": "minecraft:crafting_shaped",
  "pattern": [
    "012",
    " 45",
    "  8"
  ],
  "key": {
    "0": {
      "item": "upgrade1_16:warpedplank"
    },
    "1": {
      "item": "upgrade1_16:warpedplank"
    },
    "2": {
      "item": "upgrade1_16:warpedplank"
    },
    "4": {
      "item": "upgrade1_16:warpedplank"
    },
    "5": {
      "item": "upgrade1_16:warpedplank"
    },
    "8": {
      "item": "upgrade1_16:warpedplank"
    }
  },
  "result": {
    "item": "upgrade1_16:warpedstairs",
    "count": 6
  }
}