{
  "group": "upgrade1_16",
  "type": "minecraft:crafting_shaped",
  "pattern": [
    "0  ",
    "34 ",
    "678"
  ],
  "key": {
    "0": {
      "item": "upgrade1_16:warpedplank"
    },
    "3": {
      "item": "upgrade1_16:warpedplank"
    },
    "4": {
      "item": "upgrade1_16:warpedplank"
    },
    "6": {
      "item": "upgrade1_16:warpedplank"
    },
    "7": {
      "item": "upgrade1_16:warpedplank"
    },
    "8": {
      "item": "upgrade1_16:warpedplank"
    }
  },
  "result": {
    "item": "upgrade1_16:warpedstairs",
    "count": 6
  }
}