{
  "group": "upgrade1_16",
  "type": "minecraft:crafting_shaped",
  "pattern": [
    "  2",
    " 45",
    "678"
  ],
  "key": {
    "2": {
      "item": "upgrade1_16:warpedplank"
    },
    "4": {
      "item": "upgrade1_16:warpedplank"
    },
    "5": {
      "item": "upgrade1_16:warpedplank"
    },
    "6": {
      "item": "upgrade1_16:warpedplank"
    },
    "7": {
      "item": "upgrade1_16:warpedplank"
    },
    "8": {
      "item": "upgrade1_16:warpedplank"
    }
  },
  "result": {
    "item": "upgrade1_16:warpedstairs",
    "count": 6
  }
}