{
  "group": "upgrade1_16",
  "type": "minecraft:crafting_shaped",
  "pattern": [
    "012",
    "345"
  ],
  "key": {
    "0": {
      "item": "upgrade1_16:warpedplank"
    },
    "1": {
      "item": "minecraft:stick"
    },
    "2": {
      "item": "upgrade1_16:warpedplank"
    },
    "3": {
      "item": "upgrade1_16:warpedplank"
    },
    "4": {
      "item": "minecraft:stick"
    },
    "5": {
      "item": "upgrade1_16:warpedplank"
    }
  },
  "result": {
    "item": "upgrade1_16:warped_1",
    "count": 4
  }
}